﻿<?xml version="1.0" encoding="utf-8"?>
<!--*** Do not edit this file. ***-->
<!--*** Importing invalid data can cause unexpected behaviour and potential data loss. ***-->
<CatalogModel Version="1.0">
  <ComponentCatalogItems>
    <CatalogCustomComponentPartItem>
      <DisplayName>Formwork placing tools - Test shapes</DisplayName>
      <OrderedThumbnails>
        <Thumbnails>
          <Thumbnail>
            <Path>builtin:</Path>
            <Visible>False</Visible>
          </Thumbnail>
          <Thumbnail>
            <Path>file:///%TS_MODEL%/attributes/TestShapes.png</Path>
          </Thumbnail>
        </Thumbnails>
      </OrderedThumbnails>
      <ComponentId>Formworkplacingtools-TestShapes</ComponentId>
    </CatalogCustomComponentPartItem>
    <CatalogCustomComponentPartItem>
      <DisplayName>Generic formwork adjustable clamp</DisplayName>
      <OrderedThumbnails>
        <Thumbnails>
          <Thumbnail>
            <Path>builtin:</Path>
            <Visible>False</Visible>
          </Thumbnail>
          <Thumbnail>
            <Path>file:///%TS_MODEL%/attributes/cc_GenericAdjustableClamp.png</Path>
          </Thumbnail>
        </Thumbnails>
      </OrderedThumbnails>
      <ComponentId>GenericFormworkAdjustableClamp</ComponentId>
    </CatalogCustomComponentPartItem>
    <CatalogCustomComponentPartItem>
      <DisplayName>Generic formwork beam</DisplayName>
      <OrderedThumbnails>
        <Thumbnails>
          <Thumbnail>
            <Path>builtin:</Path>
            <Visible>False</Visible>
          </Thumbnail>
          <Thumbnail>
            <Path>file:///%TS_MODEL%/attributes/cc_GenericFormworkBeam.png</Path>
          </Thumbnail>
        </Thumbnails>
      </OrderedThumbnails>
      <ComponentId>GenericFormworkBeam</ComponentId>
    </CatalogCustomComponentPartItem>
    <CatalogCustomComponentPartItem>
      <DisplayName>Generic formwork brace</DisplayName>
      <OrderedThumbnails>
        <Thumbnails>
          <Thumbnail>
            <Path>builtin:</Path>
            <Visible>False</Visible>
          </Thumbnail>
          <Thumbnail>
            <Path>file:///%TS_MODEL%/attributes/cc_GenericFormworkBrace.png</Path>
          </Thumbnail>
        </Thumbnails>
      </OrderedThumbnails>
      <ComponentId>GenericFormworkBrace</ComponentId>
    </CatalogCustomComponentPartItem>
    <CatalogCustomComponentPartItem>
      <DisplayName>Generic formwork bulkhead</DisplayName>
      <OrderedThumbnails>
        <Thumbnails>
          <Thumbnail>
            <Path>builtin:</Path>
            <Visible>False</Visible>
          </Thumbnail>
          <Thumbnail>
            <Path>file:///%TS_MODEL%/attributes/cc_GenericTimberBulkhead.png</Path>
          </Thumbnail>
        </Thumbnails>
      </OrderedThumbnails>
      <ComponentId>GenericFormworkBulkhead</ComponentId>
    </CatalogCustomComponentPartItem>
    <CatalogCustomComponentPartItem>
      <DisplayName>Generic formwork bulkhead timber</DisplayName>
      <OrderedThumbnails>
        <Thumbnails>
          <Thumbnail>
            <Path>builtin:</Path>
            <Visible>False</Visible>
          </Thumbnail>
          <Thumbnail>
            <Path>file:///%TS_MODEL%/attributes/cc_GenericTimberBulkhead.png</Path>
          </Thumbnail>
        </Thumbnails>
      </OrderedThumbnails>
      <ComponentId>GenericFormworkBulkheadTimber</ComponentId>
    </CatalogCustomComponentPartItem>
    <CatalogCustomComponentPartItem>
      <DisplayName>Generic formwork filler panel</DisplayName>
      <OrderedThumbnails>
        <Thumbnails>
          <Thumbnail>
            <Path>builtin:</Path>
            <Visible>False</Visible>
          </Thumbnail>
          <Thumbnail>
            <Path>file:///%TS_MODEL%/attributes/cc_GenericFillerPanel.png</Path>
          </Thumbnail>
        </Thumbnails>
      </OrderedThumbnails>
      <ComponentId>GenericFormworkFillerPanel</ComponentId>
    </CatalogCustomComponentPartItem>
    <CatalogCustomComponentPartItem>
      <DisplayName>Generic formwork item</DisplayName>
      <OrderedThumbnails>
        <Thumbnails>
          <Thumbnail>
            <Path>builtin:</Path>
            <Visible>False</Visible>
          </Thumbnail>
          <Thumbnail>
            <Path>file:///%TS_MODEL%/attributes/cc_GenericFormworkItem.png</Path>
          </Thumbnail>
        </Thumbnails>
      </OrderedThumbnails>
      <ComponentId>GenericFormworkItem</ComponentId>
    </CatalogCustomComponentPartItem>
    <CatalogCustomComponentPartItem>
      <DisplayName>Generic formwork platform</DisplayName>
      <OrderedThumbnails>
        <Thumbnails>
          <Thumbnail>
            <Path>builtin:</Path>
            <Visible>False</Visible>
          </Thumbnail>
          <Thumbnail>
            <Path>file:///%TS_MODEL%/attributes/cc_GenericFormworkPlatform.png</Path>
          </Thumbnail>
        </Thumbnails>
      </OrderedThumbnails>
      <ComponentId>GenericFormworkPlatform</ComponentId>
    </CatalogCustomComponentPartItem>
  </ComponentCatalogItems>
  <ComponentCatalogGroups>
    <ComponentCatalogGroup>
      <GroupIdString>Root_Group_ID</GroupIdString>
      <GroupName>albl_Root_fixed_group_name</GroupName>
      <GroupChildren>
        <ComponentCatalogGroupPlaceholder>
          <GroupIdString>f03d7848-b7e5-43ed-ab9c-a021eeb75d19</GroupIdString>
          <GroupName>albl_Concrete</GroupName>
        </ComponentCatalogGroupPlaceholder>
        <ComponentCatalogGroupPlaceholder>
          <GroupIdString>Parts_Fixed_Group_ID</GroupIdString>
          <GroupName>albl_Parts_fixed_group_name</GroupName>
        </ComponentCatalogGroupPlaceholder>
      </GroupChildren>
    </ComponentCatalogGroup>
    <ComponentCatalogGroup>
      <GroupIdString>f03d7848-b7e5-43ed-ab9c-a021eeb75d19</GroupIdString>
      <GroupName>albl_Concrete</GroupName>
      <GroupChildren>
        <ComponentCatalogGroupPlaceholder>
          <GroupIdString>4622e22c-16ec-4722-96de-b8e7bc9282c2</GroupIdString>
          <GroupName>albl_Formwork_placing_tools___Custom_parts</GroupName>
        </ComponentCatalogGroupPlaceholder>
      </GroupChildren>
    </ComponentCatalogGroup>
    <ComponentCatalogGroup>
      <GroupIdString>4622e22c-16ec-4722-96de-b8e7bc9282c2</GroupIdString>
      <GroupName>albl_Formwork_placing_tools___Custom_parts</GroupName>
      <GroupChildren>
        <ComponentCatalogItemPlaceholder>
          <ItemIdString>CatalogCustomComponentPartItem?Formworkplacingtools-TestShapes</ItemIdString>
        </ComponentCatalogItemPlaceholder>
        <ComponentCatalogItemPlaceholder>
          <ItemIdString>CatalogCustomComponentPartItem?GenericFormworkAdjustableClamp</ItemIdString>
        </ComponentCatalogItemPlaceholder>
        <ComponentCatalogItemPlaceholder>
          <ItemIdString>CatalogCustomComponentPartItem?GenericFormworkBeam</ItemIdString>
        </ComponentCatalogItemPlaceholder>
        <ComponentCatalogItemPlaceholder>
          <ItemIdString>CatalogCustomComponentPartItem?GenericFormworkBrace</ItemIdString>
        </ComponentCatalogItemPlaceholder>
        <ComponentCatalogItemPlaceholder>
          <ItemIdString>CatalogCustomComponentPartItem?GenericFormworkBulkhead</ItemIdString>
        </ComponentCatalogItemPlaceholder>
        <ComponentCatalogItemPlaceholder>
          <ItemIdString>CatalogCustomComponentPartItem?GenericFormworkBulkheadTimber</ItemIdString>
        </ComponentCatalogItemPlaceholder>
        <ComponentCatalogItemPlaceholder>
          <ItemIdString>CatalogCustomComponentPartItem?GenericFormworkFillerPanel</ItemIdString>
        </ComponentCatalogItemPlaceholder>
        <ComponentCatalogItemPlaceholder>
          <ItemIdString>CatalogCustomComponentPartItem?GenericFormworkItem</ItemIdString>
        </ComponentCatalogItemPlaceholder>
        <ComponentCatalogItemPlaceholder>
          <ItemIdString>CatalogCustomComponentPartItem?GenericFormworkPlatform</ItemIdString>
        </ComponentCatalogItemPlaceholder>
      </GroupChildren>
    </ComponentCatalogGroup>
    <ComponentCatalogGroup>
      <GroupIdString>Parts_Fixed_Group_ID</GroupIdString>
      <GroupName>albl_Parts_fixed_group_name</GroupName>
      <GroupChildren>
        <ComponentCatalogItemPlaceholder>
          <ItemIdString>CatalogCustomComponentPartItem?Formworkplacingtools-TestShapes</ItemIdString>
        </ComponentCatalogItemPlaceholder>
        <ComponentCatalogItemPlaceholder>
          <ItemIdString>CatalogCustomComponentPartItem?GenericFormworkAdjustableClamp</ItemIdString>
        </ComponentCatalogItemPlaceholder>
        <ComponentCatalogItemPlaceholder>
          <ItemIdString>CatalogCustomComponentPartItem?GenericFormworkBeam</ItemIdString>
        </ComponentCatalogItemPlaceholder>
        <ComponentCatalogItemPlaceholder>
          <ItemIdString>CatalogCustomComponentPartItem?GenericFormworkBrace</ItemIdString>
        </ComponentCatalogItemPlaceholder>
        <ComponentCatalogItemPlaceholder>
          <ItemIdString>CatalogCustomComponentPartItem?GenericFormworkBulkhead</ItemIdString>
        </ComponentCatalogItemPlaceholder>
        <ComponentCatalogItemPlaceholder>
          <ItemIdString>CatalogCustomComponentPartItem?GenericFormworkBulkheadTimber</ItemIdString>
        </ComponentCatalogItemPlaceholder>
        <ComponentCatalogItemPlaceholder>
          <ItemIdString>CatalogCustomComponentPartItem?GenericFormworkFillerPanel</ItemIdString>
        </ComponentCatalogItemPlaceholder>
        <ComponentCatalogItemPlaceholder>
          <ItemIdString>CatalogCustomComponentPartItem?GenericFormworkItem</ItemIdString>
        </ComponentCatalogItemPlaceholder>
        <ComponentCatalogItemPlaceholder>
          <ItemIdString>CatalogCustomComponentPartItem?GenericFormworkPlatform</ItemIdString>
        </ComponentCatalogItemPlaceholder>
      </GroupChildren>
    </ComponentCatalogGroup>
  </ComponentCatalogGroups>
</CatalogModel>