﻿<?xml version="1.0" encoding="utf-8"?>
<!--*** This file stores the document manager window layout. ***-->
<!--*** Do not edit this file. ***-->
<!--*** Importing invalid data can cause unexpected behavior and potential data loss. ***-->
<!--*** If the log suggests any problems with this file it may be deleted to restore the default layout. ***-->
<!--Created (InvariantFormat): 07/06/2021 00:35:44-->
<UiSettings Version="1.0">
  <CategoryViewIsVisible>true</CategoryViewIsVisible>
  <ExtraTopButtonsAreVisible>true</ExtraTopButtonsAreVisible>
  <MainWindowPlacement>
    <Length>44</Length>
    <Flags>0</Flags>
    <ShowCmd>1</ShowCmd>
    <MinPosition>
      <X>-1</X>
      <Y>-1</Y>
    </MinPosition>
    <MaxPosition>
      <X>-1</X>
      <Y>-1</Y>
    </MaxPosition>
    <NormalPosition>
      <Left>480</Left>
      <Top>281</Top>
      <Right>3360</Right>
      <Bottom>1780</Bottom>
    </NormalPosition>
  </MainWindowPlacement>
  <SelectedCategoryNames>
    <CategoryName>albl_All_documents</CategoryName>
  </SelectedCategoryNames>
  <CategoryDialogWidth>300</CategoryDialogWidth>
  <ProjectGuid>a09d32dc-547d-4f09-a597-b4bd338e81fa</ProjectGuid>
</UiSettings>