﻿<?xml version="1.0" encoding="utf-8"?>
<!--*** This file stores the document manager user interface layout. ***-->
<!--*** Do not edit this file. ***-->
<!--*** Importing invalid data can cause unexpected behavior and potential data loss. ***-->
<!--*** If the log suggests any problems with this file it may be deleted to restore the default layout. ***-->
<!--Created (InvariantFormat): 09/12/2018 13:42:59-->
<DataGridSettings Version="1.0">
  <DataGridSortSettings Version="1.0">
    <SortSetting>
      <PropertyName>Name</PropertyName>
      <Direction>Ascending</Direction>
    </SortSetting>
  </DataGridSortSettings>
</DataGridSettings>