﻿<?xml version="1.0" encoding="utf-8"?>
<classification xmlns="http://www.tekla.com/TeklaStructures/ModelBrowser/2008/09" type="ObjectType">
	<category GUID="4ef30c92-0000-062b-3133-323435353137" name="IFC">
		<category GUID="4ef30c92-0000-062c-3133-323435353137" name="ArchiCAD">
			<customProperties>
				<ArrayOfPresentedProperties xmlns:xsd="http://www.w3.org/2001/XMLSchema" xmlns:xsi="http://www.w3.org/2001/XMLSchema-instance" xmlns="">
					<PresentedProperties Display_name="IFC Width" REPORT_property_name="EXTERNAL.BaseQuantities.Width" UDA_property_name="" Property_type="double" Decimals="2" Width="100" Hidden="false" />
					<PresentedProperties Display_name="IFC Height" REPORT_property_name="EXTERNAL.BaseQuantities.Height" UDA_property_name="" Property_type="double" Decimals="2" Width="100" Hidden="false" />
					<PresentedProperties Display_name="IFC GrossVolume" REPORT_property_name="EXTERNAL.BaseQuantities.GrossVolume" UDA_property_name="" Property_type="double" Decimals="2" Width="100" Hidden="false" />
					<PresentedProperties Display_name="IFC GrossSideArea" REPORT_property_name="EXTERNAL.BaseQuantities.GrossSideArea" UDA_property_name="" Property_type="double" Decimals="2" Width="100" Hidden="false" />
					<PresentedProperties Display_name="Name" REPORT_property_name="EXTERNAL.Name" UDA_property_name="" Property_type="string" Decimals="2" Width="100" Hidden="false" />
					<PresentedProperties Display_name="IFC Length" REPORT_property_name="EXTERNAL.BaseQuantities.Length" UDA_property_name="" Property_type="double" Decimals="2" Width="100" Hidden="false" />
					<PresentedProperties Display_name="Building Storey" REPORT_property_name="LOGICAL_BUILDING_AREA.LBA_STOREY" UDA_property_name="" Property_type="string" Decimals="2" Width="100" Hidden="false" />
					<PresentedProperties Display_name="Building Section" REPORT_property_name="LOGICAL_BUILDING_AREA.LBA_SECTION" UDA_property_name="" Property_type="string" Decimals="2" Width="100" Hidden="false" />
				</ArrayOfPresentedProperties>
			</customProperties>
		</category>
		<category GUID="4ef30c92-0000-062e-3133-323435353137" name="Revit Arch">
			<customProperties>
				<ArrayOfPresentedProperties xmlns:xsd="http://www.w3.org/2001/XMLSchema" xmlns:xsi="http://www.w3.org/2001/XMLSchema-instance" xmlns="">
					<PresentedProperties Display_name="Revit Object type" REPORT_property_name="EXTERNAL.Object type" UDA_property_name="" Property_type="string" Decimals="2" Width="100" Hidden="false" />
					<PresentedProperties Display_name="Revit Floor level" REPORT_property_name="EXTERNAL.PSet_Revit_Constraints.Level" UDA_property_name="" Property_type="string" Decimals="2" Width="100" Hidden="false" />
					<PresentedProperties Display_name="Revit Length" REPORT_property_name="EXTERNAL.PSet_Revit_Dimensions.Length" UDA_property_name="" Property_type="double" Decimals="2" Width="100" Hidden="false" />
					<PresentedProperties Display_name="Building Storey" REPORT_property_name="LOGICAL_BUILDING_AREA.LBA_STOREY" UDA_property_name="" Property_type="string" Decimals="2" Width="100" Hidden="false" />
					<PresentedProperties Display_name="Building Section" REPORT_property_name="LOGICAL_BUILDING_AREA.LBA_STOREY" UDA_property_name="" Property_type="string" Decimals="2" Width="100" Hidden="false" />
				</ArrayOfPresentedProperties>
			</customProperties>
		</category>
		<category GUID="4ef30c92-0000-0630-3133-323435353137" name="Revit MEP">
			<customProperties>
				<ArrayOfPresentedProperties xmlns:xsd="http://www.w3.org/2001/XMLSchema" xmlns:xsi="http://www.w3.org/2001/XMLSchema-instance" xmlns="">
					<PresentedProperties Display_name="Revit Object type" REPORT_property_name="EXTERNAL.Object type" UDA_property_name="" Property_type="string" Decimals="2" Width="100" Hidden="false" />
					<PresentedProperties Display_name="Revit Length [mm]" REPORT_property_name="EXTERNAL.PSet_Revit_Dimensions.Length" UDA_property_name="" Property_type="double" Decimals="2" Width="100" Hidden="false" />
					<PresentedProperties Display_name="Revit Size" REPORT_property_name="EXTERNAL.PSet_Revit_Dimensions.Size" UDA_property_name="" Property_type="string" Decimals="2" Width="100" Hidden="false" />
					<PresentedProperties Display_name="Building Storey" REPORT_property_name="LOGICAL_BUILDING_AREA.LBA_STOREY" UDA_property_name="" Property_type="string" Decimals="2" Width="100" Hidden="false" />
					<PresentedProperties Display_name="Building Section" REPORT_property_name="LOGICAL_BUILDING_AREA.LBA_SECTION" UDA_property_name="" Property_type="string" Decimals="2" Width="100" Hidden="false" />
				</ArrayOfPresentedProperties>
			</customProperties>
		</category>
		<category GUID="4ef30c92-0000-0632-3133-323435353137" name="QuickPen">
			<customProperties>
				<ArrayOfPresentedProperties xmlns:xsd="http://www.w3.org/2001/XMLSchema" xmlns:xsi="http://www.w3.org/2001/XMLSchema-instance" xmlns="">
					<PresentedProperties Display_name="QuickPen Flow" REPORT_property_name="EXTERNAL.DuctEngineeringData.Flow" UDA_property_name="" Property_type="double" Decimals="2" Width="100" Hidden="false" />
					<PresentedProperties Display_name="QuickPen Flow Units" REPORT_property_name="EXTERNAL.DuctEngineeringData.FlowUnits" UDA_property_name="" Property_type="string" Decimals="2" Width="100" Hidden="false" />
					<PresentedProperties Display_name="Building Storey" REPORT_property_name="LOGICAL_BUILDING_AREA.LBA_STOREY" UDA_property_name="" Property_type="string" Decimals="2" Width="100" Hidden="false" />
					<PresentedProperties Display_name="Building Section" REPORT_property_name="LOGICAL_BUILDING_AREA.LBA_SECTION" UDA_property_name="" Property_type="string" Decimals="2" Width="100" Hidden="false" />
				</ArrayOfPresentedProperties>
			</customProperties>
		</category>
		<category GUID="4ef30c92-0000-0634-3133-323435353137" name="MagiCAD">
			<customProperties>
				<ArrayOfPresentedProperties xmlns:xsd="http://www.w3.org/2001/XMLSchema" xmlns:xsi="http://www.w3.org/2001/XMLSchema-instance" xmlns="">
					<PresentedProperties Display_name="MagiCAD Duct Type" REPORT_property_name="EXTERNAL.MagiCAD Pset_Duct.ProductSerie" UDA_property_name="" Property_type="string" Decimals="2" Width="100" Hidden="false" />
					<PresentedProperties Display_name="MagiCAD Length" REPORT_property_name="EXTERNAL.MagiCAD Pset_Duct.Length_mm" UDA_property_name="" Property_type="double" Decimals="2" Width="100" Hidden="false" />
					<PresentedProperties Display_name="MagiCAD Duct Connection Size" REPORT_property_name="EXTERNAL.MagiCAD Pset_Duct.ConnectionSize_mm" UDA_property_name="" Property_type="double" Decimals="2" Width="100" Hidden="false" />
					<PresentedProperties Display_name="MagiCAD User Code" REPORT_property_name="EXTERNAL.MagiCAD Pset_Duct.User code" UDA_property_name="" Property_type="string" Decimals="2" Width="100" Hidden="false" />
					<PresentedProperties Display_name="Building storey" REPORT_property_name="LOGICAL_BUILDING_AREA.LBA_STOREY" UDA_property_name="" Property_type="string" Decimals="2" Width="100" Hidden="false" />
					<PresentedProperties Display_name="Building section" REPORT_property_name="LOGICAL_BUILDING_AREA.LBA_SECTION" UDA_property_name="" Property_type="string" Decimals="2" Width="100" Hidden="false" />
				</ArrayOfPresentedProperties>
			</customProperties>
		</category>
	</category>
	<category GUID="4ef30c92-0000-045e-3133-323435353137" name="OmniClass">
		<category GUID="4ef30c92-0000-045f-3133-323435353137" name="41 Materials">
			<category GUID="4ef30c92-0000-0461-3133-323435353137" name="41-10 00 00 Chemical Elements" />
			<category GUID="4ef30c92-0000-0463-3133-323435353137" name="41-30 00 00 Solid Compounds" />
			<category GUID="4ef30c92-0000-0465-3133-323435353137" name="41-50 00 00 Liquids" />
			<category GUID="4ef30c92-0000-0467-3133-323435353137" name="41-70 00 00 Gases" />
		</category>
		<category GUID="4ef30c92-0000-0469-3133-323435353137" name="13 Spaces by Function" />
		<category GUID="4ef30c92-0000-046b-3133-323435353137" name="21 Elements">
			<category GUID="4ef30c92-0000-046d-3133-323435353137" name="21-21 00 00 Grade and Subgrade" />
			<category GUID="4ef30c92-0000-046f-3133-323435353137" name="21-31 00 00 Site Finishes" />
			<category GUID="4ef30c92-0000-0471-3133-323435353137" name="21-41 00 00 Structure">
				<category GUID="4ef30c92-0000-0473-3133-323435353137" name="21-41 11 00 Substructure">
					<category GUID="4ef30c92-0000-0475-3133-323435353137" name="21-41 11 11 Foundations">
						<category GUID="4ef30c92-0000-0477-3133-323435353137" name="21-41 11 11 21 Deep Foundations" />
						<category GUID="4ef30c92-0000-0479-3133-323435353137" name="21-41 11 11 41 Raft-slab foundations" />
						<category GUID="4ef30c92-0000-047b-3133-323435353137" name="21-41 11 11 61 Excavation stabilizing" />
						<category GUID="4ef30c92-0000-047d-3133-323435353137" name="21-41 11 11 11 Shallow Foundations" />
					</category>
					<category GUID="4ef30c92-0000-047f-3133-323435353137" name="21-41 11 13 Foundation Stabilization" />
					<category GUID="4ef30c92-0000-0481-3133-323435353137" name="21-41 11 15 Basements">
						<category GUID="4ef30c92-0000-0483-3133-323435353137" name="21-41 11 15 11 Subgrade Walls" />
					</category>
					<category GUID="4ef30c92-0000-0485-3133-323435353137" name="21-41 11 17 Floors on Grade" />
					<category GUID="4ef30c92-0000-0487-3133-323435353137" name="21-41 11 19 Cofferdams" />
					<category GUID="4ef30c92-0000-0489-3133-323435353137" name="21-41 11 21 Water Control" />
					<category GUID="4ef30c92-0000-048b-3133-323435353137" name="21-41 11 23 Roadbed" />
					<category GUID="4ef30c92-0000-048d-3133-323435353137" name="21-41 11 26 Bridge Substructure" />
					<category GUID="4ef30c92-0000-048f-3133-323435353137" name="21-41 11 27 Tunnels" />
				</category>
				<category GUID="4ef30c92-0000-0491-3133-323435353137" name="21-41 31 00 Superstructure and Enclosure">
					<category GUID="4ef30c92-0000-0493-3133-323435353137" name="21-41 31 11 Floor Construction">
						<category GUID="4ef30c92-0000-0495-3133-323435353137" name="21-41 31 11 11 Supported Basement Floors" />
						<category GUID="4ef30c92-0000-0497-3133-323435353137" name="21-41 31 11 21 Structural Fllors" />
						<category GUID="4ef30c92-0000-0499-3133-323435353137" name="21-41 31 11 41 Balconies" />
						<category GUID="4ef30c92-0000-049b-3133-323435353137" name="21-41 31 11 51 Mezzanines" />
						<category GUID="4ef30c92-0000-049d-3133-323435353137" name="21-41 31 11 61 Ramps" />
						<category GUID="4ef30c92-0000-049f-3133-323435353137" name="21-41 31 11 31 Vertical Shaft Structure" />
					</category>
					<category GUID="4ef30c92-0000-04a1-3133-323435353137" name="21-41 31 13 Stairs and Ladders">
						<category GUID="4ef30c92-0000-04a3-3133-323435353137" name="21-41 31 13 11 Stairs" />
						<category GUID="4ef30c92-0000-04a5-3133-323435353137" name="21-41 31 13 21 Landings" />
						<category GUID="4ef30c92-0000-04a7-3133-323435353137" name="21-41 31 13 31 Fire Ecsapes" />
						<category GUID="4ef30c92-0000-04a9-3133-323435353137" name="21-41 31 13 41 Ladders" />
					</category>
					<category GUID="4ef30c92-0000-04ab-3133-323435353137" name="21-41 31 15 Conveying Systems" />
					<category GUID="4ef30c92-0000-04ad-3133-323435353137" name="21-41 31 17 Roof Construction">
						<category GUID="4ef30c92-0000-04af-3133-323435353137" name="21-41 31 17 11 Roof Framing" />
						<category GUID="4ef30c92-0000-04b1-3133-323435353137" name="21-41 31 17 21 Slopes Roof Framing" />
						<category GUID="4ef30c92-0000-04b3-3133-323435353137" name="21-41 31 17 31 Vaulted Roof Framing" />
						<category GUID="4ef30c92-0000-04b5-3133-323435353137" name="21-41 31 17 41 Canopy Framing" />
						<category GUID="4ef30c92-0000-04b7-3133-323435353137" name="21-41 31 17 51 Fabric Roof Framing" />
						<category GUID="4ef30c92-0000-04b9-3133-323435353137" name="21-41 31 17 61 Dome Framing" />
						<category GUID="4ef30c92-0000-04bb-3133-323435353137" name="21-41 31 17 71 Air Supported Framing" />
					</category>
					<category GUID="4ef30c92-0000-04bd-3133-323435353137" name="21-41 31 19 Bearing Wall Construction">
						<category GUID="4ef30c92-0000-04bf-3133-323435353137" name="21-41 31 19 11 Tilt-up Concrete Wall Construction">
							<category GUID="4ef30c92-0000-04c1-3133-323435353137" name="Precast Concrete Element">
								<category GUID="4ef30c92-0000-04c3-3133-323435353137" name="All parts of 1 Precast Concrete Element" />
							</category>
						</category>
						<category GUID="4ef30c92-0000-04c5-3133-323435353137" name="21-41 31 19 21 Masonry Wall Construction" />
					</category>
					<category GUID="4ef30c92-0000-04c7-3133-323435353137" name="21-41 31 21 Bridge Construction" />
					<category GUID="4ef30c92-0000-04c9-3133-323435353137" name="21-41 31 23 Dam Construction" />
					<category GUID="4ef30c92-0000-04cb-3133-323435353137" name="21-41 31 26 Tank and Silo Construction" />
				</category>
				<category GUID="4ef30c92-0000-04cd-3133-323435353137" name="21-41 51 00 Enclosure">
					<category GUID="4ef30c92-0000-04cf-3133-323435353137" name="21-41 51 11 Vertical Enclosure" />
					<category GUID="4ef30c92-0000-04d1-3133-323435353137" name="21-41 51 12 Moisture Proofing" />
					<category GUID="4ef30c92-0000-04d3-3133-323435353137" name="21-41 51 13 Vertical Openings" />
					<category GUID="4ef30c92-0000-04d5-3133-323435353137" name="21-41 51 15 Horizontal / Sloed Protection" />
					<category GUID="4ef30c92-0000-04d7-3133-323435353137" name="21-41 51 17 Horizontal Openings" />
					<category GUID="4ef30c92-0000-04d9-3133-323435353137" name="21-41 51 18 Sloped Openings" />
				</category>
				<category GUID="4ef30c92-0000-04db-3133-323435353137" name="21-41 71 00 Interior">
					<category GUID="4ef30c92-0000-04dd-3133-323435353137" name="21-41 71 11 Interior Construction">
						<category GUID="4ef30c92-0000-04df-3133-323435353137" name="21-41 71 11 11 Fire Walls" />
						<category GUID="4ef30c92-0000-04e1-3133-323435353137" name="21-41 71 11 21 Shaft Walls" />
						<category GUID="4ef30c92-0000-04e3-3133-323435353137" name="21-41 71 11 31 Interior Partitions" />
						<category GUID="4ef30c92-0000-04e5-3133-323435353137" name="21-41 71 11 41 Other Interior Construction" />
					</category>
					<category GUID="4ef30c92-0000-04e7-3133-323435353137" name="21-41 71 12 Openings and Doors" />
					<category GUID="4ef30c92-0000-04e9-3133-323435353137" name="21-41 71 15 Interior Finishes" />
					<category GUID="4ef30c92-0000-04eb-3133-323435353137" name="21-41 71 18 Interior Fittins" />
				</category>
				<category GUID="4ef30c92-0000-04ed-3133-323435353137" name="21-41 81 00 Signage" />
			</category>
			<category GUID="4ef30c92-0000-04ef-3133-323435353137" name="21-51 00 00 Facility Services">
				<category GUID="4ef30c92-0000-04f1-3133-323435353137" name="21-51 11 00 Life Safety and Facility Protection" />
				<category GUID="4ef30c92-0000-04f3-3133-323435353137" name="21-51 31 00 Plumbing" />
				<category GUID="4ef30c92-0000-04f5-3133-323435353137" name="21-51 51 00 Heating, Ventillationg and Air Conditioning" />
				<category GUID="4ef30c92-0000-04f7-3133-323435353137" name="21-51 61 00 Integrated Automation" />
				<category GUID="4ef30c92-0000-04f9-3133-323435353137" name="21-51 71 00 Electrical" />
			</category>
			<category GUID="4ef30c92-0000-04fb-3133-323435353137" name="61 Facility Equipment and Furnishings" />
			<category GUID="4ef30c92-0000-04fd-3133-323435353137" name="71 Utilities and Infrastructure" />
			<category GUID="4ef30c92-0000-04ff-3133-323435353137" name="81 Specialty Equipment" />
			<category GUID="4ef30c92-0000-0501-3133-323435353137" name="New Object Type 1" />
		</category>
		<category GUID="4ef30c92-0000-0503-3133-323435353137" name="22 Work Results">
			<category GUID="4ef30c92-0000-0505-3133-323435353137" name="22-01 00 00 General Requirements" />
			<category GUID="4ef30c92-0000-0507-3133-323435353137" name="22-02 00 00 Existing Conditions" />
			<category GUID="4ef30c92-0000-0509-3133-323435353137" name="22-03 00 00 Concrete">
				<category GUID="4ef30c92-0000-050b-3133-323435353137" name="22-03 01 00 Maintenance of concrete" />
				<category GUID="4ef30c92-0000-050d-3133-323435353137" name="22-03 05 00 Common work results of concrete" />
				<category GUID="4ef30c92-0000-050f-3133-323435353137" name="22-03 08 00 Commisioning of concrete" />
				<category GUID="4ef30c92-0000-0511-3133-323435353137" name="22-03 10 00 Concerete Forming and Accessories" />
				<category GUID="4ef30c92-0000-0513-3133-323435353137" name="22-03 11 00 Concrete Forming" />
				<category GUID="4ef30c92-0000-0515-3133-323435353137" name="22-03 15 00 Concrete Accessories" />
				<category GUID="4ef30c92-0000-0517-3133-323435353137" name="22-03 20 00 Concrete Reinforcing" />
				<category GUID="4ef30c92-0000-0519-3133-323435353137" name="22-03 21 00 Reinforcing Steel">
					<category GUID="4ef30c92-0000-051b-3133-323435353137" name="22-03 21 13 Galvanized Reinforcing Steel" />
					<category GUID="4ef30c92-0000-051d-3133-323435353137" name="22-03 21 16 Epoxy-Coated Reinforcing Steel" />
				</category>
				<category GUID="4ef30c92-0000-051f-3133-323435353137" name="22-03 22 00 Welded Wire Fabric Reinforcing" />
				<category GUID="4ef30c92-0000-0521-3133-323435353137" name="22-03 23 00 Stressing Tendors" />
				<category GUID="4ef30c92-0000-0523-3133-323435353137" name="22-03 24 00 Fibrous Reinforcing" />
				<category GUID="4ef30c92-0000-0525-3133-323435353137" name="22-03 30 00 Cast-in-Place Concrete">
					<category GUID="4ef30c92-0000-0527-3133-323435353137" name="22-03 30 53 Miscallaneous Cast-in-Place Concrete" />
				</category>
				<category GUID="4ef30c92-0000-0529-3133-323435353137" name="22-03 31 00 Structural Concrete" />
				<category GUID="4ef30c92-0000-052b-3133-323435353137" name="22-03 33 00 Architechtural Concrete" />
				<category GUID="4ef30c92-0000-052d-3133-323435353137" name="22-03 34 00 Low Density Concrete" />
				<category GUID="4ef30c92-0000-052f-3133-323435353137" name="22-03 35 00 Concrete Finishing" />
				<category GUID="4ef30c92-0000-0531-3133-323435353137" name="22-03 37 00 Speciality Placed Concrete" />
				<category GUID="4ef30c92-0000-0533-3133-323435353137" name="22-03 38 00 Post-Tensioned Concrete" />
				<category GUID="4ef30c92-0000-0535-3133-323435353137" name="22-03 39 00 Concrete Curing" />
				<category GUID="4ef30c92-0000-0537-3133-323435353137" name="22-03 40 00 Precast Concrete" />
				<category GUID="4ef30c92-0000-0539-3133-323435353137" name="22-03 41 00 Precast Structural Concrete">
					<category GUID="4ef30c92-0000-053b-3133-323435353137" name="22-03 41 13 Precast Concrete Holoow Core Planks" />
					<category GUID="4ef30c92-0000-053d-3133-323435353137" name="22-03 41 16 Precast Conrete Slabs" />
					<category GUID="4ef30c92-0000-053f-3133-323435353137" name="22-03 41 23 Precast Concrete Stairs" />
					<category GUID="4ef30c92-0000-0541-3133-323435353137" name="22-03 41 33 Precast Structural Pretensioned Concrete" />
					<category GUID="4ef30c92-0000-0543-3133-323435353137" name="22-03 41 36 Precast Structural Post-Tensioned Concrete" />
				</category>
				<category GUID="4ef30c92-0000-0545-3133-323435353137" name="22-03 45 00 Precast Architectural Concrete" />
				<category GUID="4ef30c92-0000-0547-3133-323435353137" name="22-03 47 00 Site-Cast Concrete" />
				<category GUID="4ef30c92-0000-0549-3133-323435353137" name="22-03 49 00 Glass-Fiber-Reinforced Concrete" />
				<category GUID="4ef30c92-0000-054b-3133-323435353137" name="22-03 50 00 Cast Decks and Underlayment" />
				<category GUID="4ef30c92-0000-054d-3133-323435353137" name="22-03 51 00 Cast Roof Decks" />
			</category>
			<category GUID="4ef30c92-0000-054f-3133-323435353137" name="22-04 00 00 Masonry" />
			<category GUID="4ef30c92-0000-0551-3133-323435353137" name="22-05 00 00 Metals" />
			<category GUID="4ef30c92-0000-0553-3133-323435353137" name="22-06 00 00 Wood, Plastics and Composits" />
			<category GUID="4ef30c92-0000-0555-3133-323435353137" name="22-07 00 00 Thermal and Protection" />
			<category GUID="4ef30c92-0000-0557-3133-323435353137" name="22-08 00 00 Opening" />
			<category GUID="4ef30c92-0000-0559-3133-323435353137" name="22-09 00 00 Finishes" />
			<category GUID="4ef30c92-0000-055b-3133-323435353137" name="22-10 00 00 Specialties" />
			<category GUID="4ef30c92-0000-055d-3133-323435353137" name="22-11 00 00 Equipment" />
			<category GUID="4ef30c92-0000-055f-3133-323435353137" name="22-12 00 00 Furnishings" />
			<category GUID="4ef30c92-0000-0561-3133-323435353137" name="22-13 00 00 Special Construction" />
			<category GUID="4ef30c92-0000-0563-3133-323435353137" name="22-14 00 00 Conveying Equipment" />
			<category GUID="4ef30c92-0000-0565-3133-323435353137" name="22-21 00 00 Fire Suppression" />
			<category GUID="4ef30c92-0000-0567-3133-323435353137" name="22-22 00 00 Plumbing" />
			<category GUID="4ef30c92-0000-0569-3133-323435353137" name="22-23 00 00 Heating, Ventillating and Air-Conditioning" />
			<category GUID="4ef30c92-0000-056b-3133-323435353137" name="22-25 00 00 Integrated Automation" />
			<category GUID="4ef30c92-0000-056d-3133-323435353137" name="22-26 00 00 Electrical" />
			<category GUID="4ef30c92-0000-056f-3133-323435353137" name="22-27 00 00 Communications" />
			<category GUID="4ef30c92-0000-0571-3133-323435353137" name="22-28 00 00 Electronic Safety and Security" />
			<category GUID="4ef30c92-0000-0573-3133-323435353137" name="22-31 00 00 Earthwork" />
			<category GUID="4ef30c92-0000-0575-3133-323435353137" name="22-32 00 00 Exterior Improvements" />
			<category GUID="4ef30c92-0000-0577-3133-323435353137" name="22-33 00 00 Utilities" />
			<category GUID="4ef30c92-0000-0579-3133-323435353137" name="22-34 00 00 Transportation" />
			<category GUID="4ef30c92-0000-057b-3133-323435353137" name="22-35 00 00 Waterway and Marine Construction" />
			<category GUID="4ef30c92-0000-057d-3133-323435353137" name="22-40 00 00 Process Integration" />
			<category GUID="4ef30c92-0000-057f-3133-323435353137" name="22-41 00 00 Material Processing and Handling Equipment" />
			<category GUID="4ef30c92-0000-0581-3133-323435353137" name="22-42 00 00 Process Heating, Cooling and Drying Equipment" />
			<category GUID="4ef30c92-0000-0583-3133-323435353137" name="22-43 00 00 Process and Liquid Handling, Purification, and Storage Equipment" />
			<category GUID="4ef30c92-0000-0585-3133-323435353137" name="22-44 00 00 Pollution Control Equipment" />
			<category GUID="4ef30c92-0000-0587-3133-323435353137" name="22-45 00 00 Industry-Specific Manufacturing Equipment" />
			<category GUID="4ef30c92-0000-0589-3133-323435353137" name="22-48 00 00 Electrical Power Generation" />
		</category>
		<category GUID="4ef30c92-0000-058b-3133-323435353137" name="14 Spaces by Form" />
		<category GUID="4ef30c92-0000-058d-3133-323435353137" name="23 Products">
			<category GUID="4ef30c92-0000-058f-3133-323435353137" name="23-10 00 00 Site Products" />
			<category GUID="4ef30c92-0000-0591-3133-323435353137" name="23-15 00 00 Utility and Transportation Construction Products" />
			<category GUID="4ef30c92-0000-0593-3133-323435353137" name="23-20 00 00 General Purpose Construction Accessories">
				<category GUID="4ef30c92-0000-0595-3133-323435353137" name="23-20 05 00" />
				<category GUID="4ef30c92-0000-0597-3133-323435353137" name="23-20 15 00" />
				<category GUID="4ef30c92-0000-0599-3133-323435353137" name="23-20 10 00" />
				<category GUID="4ef30c92-0000-059b-3133-323435353137" name="23-20 25 00" />
				<category GUID="4ef30c92-0000-059d-3133-323435353137" name="23-20 30 00" />
				<category GUID="4ef30c92-0000-059f-3133-323435353137" name="23-20 40 00" />
				<category GUID="4ef30c92-0000-05a1-3133-323435353137" name="23-20 50 00 Thermal and Moisture Protective Products">
					<category GUID="4ef30c92-0000-05a3-3133-323435353137" name="23-20 50 24 Thermal Insulation" />
				</category>
				<category GUID="4ef30c92-0000-05a5-3133-323435353137" name="23-20 90 00" />
			</category>
			<category GUID="4ef30c92-0000-05a7-3133-323435353137" name="23-25 00 00 Sructural and Space Division Products">
				<category GUID="4ef30c92-0000-05a9-3133-323435353137" name="23-25 05 00 Foundations">
					<category GUID="4ef30c92-0000-05ab-3133-323435353137" name="23-25 05 11 Foundation Piles" />
					<category GUID="4ef30c92-0000-05ad-3133-323435353137" name="23-25 05 14 Cassions, Foundation Casings" />
					<category GUID="4ef30c92-0000-05af-3133-323435353137" name="23-25 05 17 Shallow Foundations" />
					<category GUID="4ef30c92-0000-05b1-3133-323435353137" name="23-25 05 21 Special Foundations" />
				</category>
				<category GUID="4ef30c92-0000-05b3-3133-323435353137" name="23-25 10 00 Structual Concrete Products">
					<category GUID="4ef30c92-0000-05b5-3133-323435353137" name="23-25 10 11 Structural Concrete" />
					<category GUID="4ef30c92-0000-05b7-3133-323435353137" name="23-25 10 14 Ready Mixed Concrete" />
					<category GUID="4ef30c92-0000-05b9-3133-323435353137" name="23-25 10 17 Permanent Form Work" />
					<category GUID="4ef30c92-0000-05bb-3133-323435353137" name="23-25 10 21 Non-Structural Permanent Formwork" />
					<category GUID="4ef30c92-0000-05bd-3133-323435353137" name="23-25 10 24 Concrete Forms" />
					<category GUID="4ef30c92-0000-05bf-3133-323435353137" name="23-25 10 27 Reinforcement and Prestressing Components">
						<category GUID="4ef30c92-0000-05c1-3133-323435353137" name="23-25 10 27 11 Reinforcement Components">
							<category GUID="4ef30c92-0000-05c3-3133-323435353137" name="23-25 10 27 11 11 Reinforcing Steel" />
							<category GUID="4ef30c92-0000-05c5-3133-323435353137" name="23-25 10 27 11 14 Reinforcing Steel mesh" />
							<category GUID="4ef30c92-0000-05c7-3133-323435353137" name="23-25 10 27 11 21 Reinforcement Couplers" />
							<category GUID="4ef30c92-0000-05c9-3133-323435353137" name="23-25 10 27 11 24 Reinforcement Spacers" />
							<category GUID="4ef30c92-0000-05cb-3133-323435353137" name="23-25 10 27 11 27 Reinforcement Accesories" />
							<category GUID="4ef30c92-0000-05cd-3133-323435353137" name="23-25 10 27 11 17 Fibrous Reinforcing" />
						</category>
						<category GUID="4ef30c92-0000-05cf-3133-323435353137" name="23-25 10 27 14 Prestessing Components" />
						<category GUID="4ef30c92-0000-05d1-3133-323435353137" name="23-25 10 27 17 Post-Tensioning Products" />
						<category GUID="4ef30c92-0000-05d3-3133-323435353137" name="23-25 10 27 21 Comple Reinforcement Cages" />
						<category GUID="4ef30c92-0000-05d5-3133-323435353137" name="23-25 10 27 24 Cast-In Jointing" />
					</category>
				</category>
				<category GUID="4ef30c92-0000-05d7-3133-323435353137" name="23-25-20 00 Envelope Enclosure Products">
					<category GUID="4ef30c92-0000-05d9-3133-323435353137" name="23-25 20 11 Infill Facades">
						<category GUID="4ef30c92-0000-05db-3133-323435353137" name="23-25 20 11 11 Exterior Wall Assemblies" />
					</category>
					<category GUID="4ef30c92-0000-05dd-3133-323435353137" name="23-25 20 14 Glazed Facade and Roof Structures" />
				</category>
				<category GUID="4ef30c92-0000-05df-3133-323435353137" name="23-25 30 00 Structural Framing Products" />
				<category GUID="4ef30c92-0000-05e1-3133-323435353137" name="23-25 40 00 Space Division Products">
					<category GUID="4ef30c92-0000-05e3-3133-323435353137" name="23-25 40 11 11 Gypsum Board Fixed Partitions" />
					<category GUID="4ef30c92-0000-05e5-3133-323435353137" name="23-25 40 11 14 Plaster Fixed Partitions" />
					<category GUID="4ef30c92-0000-05e7-3133-323435353137" name="23-25 40 11 17 Masonry Fixed Partitions" />
				</category>
			</category>
			<category GUID="4ef30c92-0000-05e9-3133-323435353137" name="23-30 00 00 Openings, Passages, Protection" />
			<category GUID="4ef30c92-0000-05eb-3133-323435353137" name="23-35 00 00 Covering,Cladding, and Finishes" />
			<category GUID="4ef30c92-0000-05ed-3133-323435353137" name="23-40 00 00 Equipment and Furnishings" />
			<category GUID="4ef30c92-0000-05ef-3133-323435353137" name="23-45 00 00 Sanitary, Laundry, and Cleaning Equipment" />
			<category GUID="4ef30c92-0000-05f1-3133-323435353137" name="23-50 00 00 Conveying Systems &amp; Material Handling" />
			<category GUID="4ef30c92-0000-05f3-3133-323435353137" name="23-55 00 00 Manufactures Structures" />
			<category GUID="4ef30c92-0000-05f5-3133-323435353137" name="23-60 00 00 General Purpose: Services" />
			<category GUID="4ef30c92-0000-05f7-3133-323435353137" name="23-65 00 00 Supply and Distribution of Liquids and Gases" />
			<category GUID="4ef30c92-0000-05f9-3133-323435353137" name="23-70 00 00 Waste Management" />
			<category GUID="4ef30c92-0000-05fb-3133-323435353137" name="23-75 00 00 Climate Control (HVAC)" />
			<category GUID="4ef30c92-0000-05fd-3133-323435353137" name="23-80 00 00 Electric Power and Lighting" />
			<category GUID="4ef30c92-0000-05ff-3133-323435353137" name="23-85 00 00 Information and Communication" />
		</category>
		<category GUID="4ef30c92-0000-0601-3133-323435353137" name="31 Phases">
			<category GUID="4ef30c92-0000-0603-3133-323435353137" name="31-10 00 00 Conception Stage" />
			<category GUID="4ef30c92-0000-0605-3133-323435353137" name="31-15 00 00 Project Delivery Selection Stage" />
			<category GUID="4ef30c92-0000-0607-3133-323435353137" name="31-20 00 00 Design Stage" />
			<category GUID="4ef30c92-0000-0609-3133-323435353137" name="31-25 00 00 Construction Documents Stage" />
			<category GUID="4ef30c92-0000-060b-3133-323435353137" name="31-30 00 00 Procurement stage " />
			<category GUID="4ef30c92-0000-060d-3133-323435353137" name="31-40 00 00 Execution Stage" />
			<category GUID="4ef30c92-0000-060f-3133-323435353137" name="31-50 00 00 Utilization Stage" />
			<category GUID="4ef30c92-0000-0611-3133-323435353137" name="31-60 00 00 Closure Stage" />
		</category>
		<category GUID="4ef30c92-0000-0613-3133-323435353137" name="32 Services">
			<category GUID="4ef30c92-0000-0615-3133-323435353137" name="32-11 00 00 Conception Services" />
			<category GUID="4ef30c92-0000-0617-3133-323435353137" name="32-21 00 00 Execution Services" />
			<category GUID="4ef30c92-0000-0619-3133-323435353137" name="32-41 00 00 Utilization Services" />
			<category GUID="4ef30c92-0000-061b-3133-323435353137" name="32-61 00 00 Supporting Services" />
			<category GUID="4ef30c92-0000-061d-3133-323435353137" name="32-99 00 00 Other Services" />
		</category>
		<category GUID="4ef30c92-0000-061f-3133-323435353137" name="33 Disciplines" />
		<category GUID="4ef30c92-0000-0621-3133-323435353137" name="34 Organisational Roles" />
		<category GUID="4ef30c92-0000-0623-3133-323435353137" name="35 Tools" />
		<category GUID="4ef30c92-0000-0625-3133-323435353137" name="36 Information" />
		<category GUID="4ef30c92-0000-0627-3133-323435353137" name="11 Entities by Function" />
		<category GUID="4ef30c92-0000-0629-3133-323435353137" name="12 Entities by Form" />
	</category>
	<category GUID="4ef1c792-0000-0496-3133-323434363832" name="PARTS" />
	<category GUID="4ef1c792-0000-0492-3133-323434363832" name="ASSEMBLIES" assemblyCategory="True">
		<customProperties>
			<ArrayOfPresentedProperties xmlns:xsd="http://www.w3.org/2001/XMLSchema" xmlns:xsi="http://www.w3.org/2001/XMLSchema-instance" xmlns="">
				<PresentedProperties Display_name="NAME" REPORT_property_name="NAME;MAINPART.NAME" UDA_property_name="" Property_type="string" Decimals="2" Width="100" Hidden="false" />
				<PresentedProperties Display_name="OBJECT_TYPE" REPORT_property_name="OBJECT_TYPE;MAINPART.OBJECT_TYPE" UDA_property_name="" Property_type="string" Decimals="2" Width="100" Hidden="false" />
				<PresentedProperties Display_name="MATERIAL" REPORT_property_name="MATERIAL;MAINPART.MATERIAL" UDA_property_name="" Property_type="string" Decimals="2" Width="100" Hidden="false" />
				<PresentedProperties Display_name="PROFILE" REPORT_property_name="PROFILE;MAINPART.PROFILE" UDA_property_name="" Property_type="string" Decimals="2" Width="100" Hidden="false" />
				<PresentedProperties Display_name="MATERIAL_TYPE" REPORT_property_name="MATERIAL_TYPE" UDA_property_name="" Property_type="string" Decimals="2" Width="100" Hidden="false" />
				<PresentedProperties Display_name="ASSEMBLY_POS" REPORT_property_name="ASSEMBLY_POS" UDA_property_name="" Property_type="string" Decimals="2" Width="100" Hidden="false" />
				<PresentedProperties Display_name="MAINPART.PROFILE" REPORT_property_name="MAINPART.PROFILE" UDA_property_name="" Property_type="string" Decimals="2" Width="100" Hidden="false" />
				<PresentedProperties Display_name="PHASE.NAME" REPORT_property_name="PHASE.NAME" UDA_property_name="" Property_type="string" Decimals="2" Width="100" Hidden="false" />
				<PresentedProperties Display_name="TOP_LEVEL" REPORT_property_name="TOP_LEVEL" UDA_property_name="" Property_type="m" Decimals="2" Width="100" Hidden="false" />
				<PresentedProperties Display_name="HEIGHT" REPORT_property_name="HEIGHT" UDA_property_name="" Property_type="m" Decimals="2" Width="100" Hidden="false" />
				<PresentedProperties Display_name="LENGTH" REPORT_property_name="LENGTH" UDA_property_name="" Property_type="m" Decimals="2" Width="100" Hidden="false" />
				<PresentedProperties Display_name="WEIGHT" REPORT_property_name="WEIGHT" UDA_property_name="" Property_type="kg" Decimals="1" Width="100" Hidden="false" />
				<PresentedProperties Display_name="WIDTH" REPORT_property_name="WIDTH" UDA_property_name="" Property_type="m" Decimals="2" Width="100" Hidden="false" />
				<PresentedProperties Display_name="VOLUME" REPORT_property_name="VOLUME" UDA_property_name="" Property_type="m3" Decimals="2" Width="100" Hidden="false" />
			</ArrayOfPresentedProperties>
		</customProperties>
	</category>
</classification>