<?xml version="1.0" encoding="UTF-8" standalone="no"?>
<!DOCTYPE TeklaStructuresModels>
<TeklaStructuresModels>
    <Model>
        <Name>API_Developer_Exam_01</Name>
        <Designer> </Designer>
        <Description> </Description>
        <Version>2021</Version>
        <ProductVersion>2021.0</ProductVersion>
        <Language>enu</Language>
        <Template></Template>
        <Environment>default</Environment>
        <IsTemplate>FALSE</IsTemplate>
        <XS_PROJECT></XS_PROJECT>
        <XS_FIRM></XS_FIRM>
        <XS_SYSTEM>C:\ProgramData\Trimble\Tekla Structures\2021.0\\environments\default\Steel\Detailing\ComponentSettings\;C:\ProgramData\Trimble\Tekla Structures\2021.0\\environments\default\Steel\Detailing\DrawingSettings\;C:\ProgramData\Trimble\Tekla Structures\2021.0\\e</XS_SYSTEM>
        <ConnectedId></ConnectedId>
    </Model>
</TeklaStructuresModels>
